ID,0
480,10.450972
742,32.50243
743,33.6123
744,30.889587
745,28.859846
793,20.34214
794,21.657526
800,22.701702
801,21.90874
802,21.10893
948,18.031097
949,19.176233
954,23.921661
955,22.120806
956,20.899998
1512,11.513863
1513,11.792517
1552,25.940378
1553,24.723372
1554,21.394464
1558,19.39554
1559,18.164202
1560,16.25329
1561,17.142458
1637,22.35877
1638,23.276287
1639,24.660433
1717,11.230501
1718,11.521525
1719,11.3751745
1720,11.006046
1721,11.971643
1901,26.790274
1985,29.352942
1986,27.57717
1987,28.78077
1988,20.640158
1989,21.42862
1990,25.751806
1991,23.611614
2037,18.399153
2038,21.899805
2039,17.270796
2040,16.332226
2041,23.796785
2042,23.140457
2043,24.745266
2073,25.692553
2074,24.533249
2075,25.608578
2076,19.265125
2077,20.60481
2078,22.998667
2079,21.890568
2115,24.6671
2116,25.561647
2117,23.057201
2118,21.392767
2119,27.245626
2120,26.566648
2121,28.3249
2147,27.04162
2148,25.37843
2149,26.045486
2180,28.200592
2181,24.355343
2182,25.661734
2183,27.24599
2184,27.102842
2206,15.467369
2207,16.157133
2274,12.821567
2275,27.916294
2316,10.613576
2317,11.0080805
2318,11.387881
2319,11.766024
2320,13.673804
2322,13.051448
2323,12.471494
2357,29.022013
2358,29.817926
2360,30.985918
2361,28.51784
2362,27.086227
2363,24.469772
2364,23.232422
2489,16.596807
2491,16.287806
2492,16.16612
2493,15.842849
2494,15.924722
2521,21.648485
2522,20.389193
2523,19.236563
2524,22.951471
2525,23.821337
2527,25.075674
2568,21.48786
2570,19.986797
2571,19.05424
2572,17.333244
2573,16.366201
2574,18.33216
2575,19.435862
2605,26.110466
2606,25.035025
2607,23.13158
2608,24.028881
2636,19.088457
2637,18.168314
2638,19.993954
2639,21.033371
2642,24.755646
2643,22.437344
2644,23.33357
2672,28.962767
2673,27.972298
2674,29.567253
2676,26.352673
2677,25.030447
2678,22.524027
2679,23.78321
2712,10.546982
2717,25.429808
2718,24.377457
2719,26.496294
2749,20.469696
2751,25.80708
2752,26.941956
2771,14.278027
2772,14.04566
2773,15.130651
2774,15.506452
2776,13.939586
2777,13.744904
2778,14.032634
2842,29.659008
2843,28.618229
2844,25.544395
2845,27.657066
2881,26.518398
2882,25.569517
2883,24.920654
2884,19.002945
2885,17.824596
2886,20.256094
2887,21.61482
2918,28.453526
2919,27.27018
2920,27.655205
2921,24.811985
2922,26.238224
2952,27.258408
2953,28.094654
2954,23.538673
2955,21.795816
2956,24.926542
2957,26.023457
3026,30.471819
3027,31.197374
3028,27.814325
3029,29.022408
3030,26.004107
3031,24.079664
3184,27.490524
3185,26.667345
3186,28.709616
3187,20.708267
3188,22.367575
3189,25.428387
3190,23.957941
3395,27.126448
3396,23.174557
3397,24.789762
3398,19.068918
3399,20.81968
3400,17.549255
3401,16.281698
3436,17.788996
3437,16.566328
3438,20.567356
3439,19.4096
3440,22.165411
3497,21.341017
3498,19.222784
3499,20.048212
3500,16.54334
3501,17.744581
3502,14.373366
3503,15.42957
3588,13.391087
3589,12.924418
3590,14.304387
3623,25.582146
3624,24.138071
3625,24.643179
3626,23.071692
3627,22.126726
3652,13.804738
3653,13.109003
3654,13.357466
3659,12.251093
3660,12.623467
3661,11.975012
3687,16.283648
3688,15.534265
3689,18.05779
3690,17.067266
3695,20.163645
3696,19.319803
3697,20.239338
3721,31.701063
3722,29.842484
3723,31.078463
3724,28.05715
3725,27.809017
3726,25.461657
3727,26.724663
3755,19.185091
3756,18.162834
3757,26.356615
3758,20.222305
3759,26.346811
3760,25.22756
3761,26.17476
3790,30.723246
3791,28.872116
3792,29.616285
3793,26.91081
3794,28.422012
3795,22.446243
3796,24.795933
3821,27.11274
3822,26.714043
3823,27.959469
3825,22.782003
3826,21.036829
3827,24.923954
3828,22.466524
3852,14.580712
3853,13.88603
3854,14.141715
3910,17.160038
3911,16.214113
3912,18.402405
3914,14.538857
3915,15.229946
3916,13.5934925
3917,14.003071
3918,14.659784
3919,14.532822
3921,13.274243
3922,13.938806
3923,12.888643
3971,19.112839
3972,18.516693
3973,22.815647
3975,16.165262
3976,17.187883
3977,15.154374
3978,14.374439
4001,16.745956
4002,17.79387
4003,20.206282
4004,18.91213
4006,22.27059
4007,22.09387
4008,23.201439
4026,29.691816
4027,28.920645
4028,30.82808
4029,26.455801
4030,27.905167
4031,25.189009
4057,27.692205
4059,25.352695
4060,26.177109
4061,21.0139
4062,19.482542
4063,23.757133
4064,22.505531
4095,29.655329
4096,28.972845
4097,26.727869
4098,27.7133
4099,22.534489
4100,23.967817
4156,26.699652
4157,25.738155
4158,20.59914
4159,19.24915
4160,23.737844
4161,22.022846
4184,22.224712
4185,23.51086
4186,19.6309
4187,21.009233
4188,26.146257
4189,25.11268
4190,24.968596
4268,26.947994
4269,25.146225
4270,25.765839
4271,20.082905
4272,18.87041
4273,23.044645
4274,21.392254
4291,15.65082
4292,16.51427
4298,27.126137
4332,28.049208
4333,27.114073
4334,26.543531
4335,22.487268
4336,23.688581
4337,24.949232
4338,26.284786
4379,17.151964
4380,16.352491
4381,15.579026
4382,14.786472
4383,22.069271
4384,22.341133
4385,24.611876
4415,18.446388
4416,15.438453
4417,14.912012
4418,13.986551
4419,14.388355
4420,14.798333
4421,15.286728
4450,20.209728
4451,19.037968
4452,17.924923
4453,16.994543
4454,20.884974
4455,21.947401
4456,24.081741
4481,16.657288
4482,16.080273
4483,15.763704
4488,14.75827
4489,15.032768
4490,15.304163
4534,14.487175
4535,14.444092
4536,14.428001
4537,14.436246
4540,13.033569
4541,10.493251
4542,10.719897
4580,29.241816
4581,28.0224
4582,25.610819
4586,18.697622
4587,20.125896
4588,21.600647
4589,23.267239
4603,23.890148
4604,22.52959
4605,21.37327
4606,20.23449
4609,25.644138
4610,26.786716
4611,29.962217
4614,12.5921135
4651,27.418312
4653,25.826897
4654,24.744278
4655,19.159578
4656,20.486214
4657,21.75781
4658,23.177246
4678,26.334839
4679,26.425692
4680,27.4592
4681,24.464394
4682,24.760738
4683,23.644945
4684,22.505331
4700,21.252878
4701,23.971842
4703,22.999325
4704,22.170689
4722,27.294943
4723,28.470299
4725,28.360558
4726,25.745949
4727,21.09765
4728,21.459486
4729,20.222988
4749,20.752987
4751,21.508608
4752,20.822536
4753,18.376991
4754,17.617397
4755,19.16358
4756,19.78182
4784,10.398668
4785,10.166703
4786,9.816694
4787,9.980929
4788,10.944569
4789,11.478607
4791,12.382526
4824,28.33784
4826,25.988216
4827,24.382538
4828,18.548115
4829,17.134445
4830,20.128431
4831,21.913418
4866,33.544655
4867,34.284016
4868,32.261963
4869,31.268162
4870,27.992224
4871,29.605244
4905,18.953768
4906,20.098083
4907,21.672522
4909,16.441465
4910,17.499958
4922,19.1039
4923,20.130117
4924,18.413292
4925,19.30461
4927,25.023594
4928,21.470152
4929,20.54661
4963,23.338503
4964,17.706526
4965,18.386957
4970,15.312791
4971,14.517392
4972,15.952657
4973,16.71397
4979,16.769283
4980,16.298334
4981,17.425396
4992,28.121971
5004,16.940523
5005,17.835827
5006,20.007942
5007,18.767069
5009,23.574385
5010,21.713047
5011,22.681562
5021,18.032173
5022,17.74913
5023,18.440836
5025,16.822092
5026,17.271576
5027,16.309683
5028,15.993363
5067,29.462969
5068,26.717915
5069,27.85327
5082,25.587013
5083,24.402512
5084,26.046316
5086,18.880545
5087,20.125795
5088,22.711586
5089,21.425095
5090,24.216402
5091,25.700592
5092,22.869633
5093,21.495527
5094,28.805914
5095,27.55584
5096,28.736982
5110,23.027914
5111,21.895433
5112,24.839817
5114,17.845144
5115,20.269794
5116,18.997963
5134,31.977722
5135,27.573587
5136,28.806402
5137,24.308609
5138,25.707747
5139,22.999525
5140,21.705898
5151,18.440325
5152,19.449354
5153,21.746538
5154,20.510159
5155,24.53976
5156,23.314693
5157,26.039955
5169,18.48133
5170,17.371695
5185,22.42214
5186,21.958164
5187,23.840927
5193,19.602764
5194,20.571041
5201,17.679573
5202,16.946192
5208,28.30742
5209,27.444836
5222,26.449968
5223,25.28705
5224,27.269909
5226,19.53414
5227,20.78598
5228,23.465202
5229,22.089888
5230,18.468105
5231,19.034327
5232,18.051191
5233,17.406948
5235,20.829563
5236,19.761896
5237,20.17559
5268,26.900269
5269,25.88003
5270,28.344685
5272,20.629988
5273,21.758886
5274,24.256817
5275,22.97391
5302,27.141201
5303,27.816456
5304,24.872017
5305,25.984022
5306,23.936451
5307,23.077353
5308,21.449163
5310,22.294344
5315,29.144451
5316,25.175446
5317,26.475569
5318,27.914156
5319,27.597439
5332,29.949917
5333,30.66925
5334,27.844774
5335,28.75015
5336,27.684095
5337,26.317
5352,24.417133
5353,23.478237
5355,25.739664
5356,19.782728
5357,21.982
5358,20.848322
5359,26.89399
5360,15.744731
5361,16.61757
5362,21.59473
5364,19.36746
5365,20.51371
5384,18.076397
5385,17.478737
5387,18.974724
5388,27.048784
5389,27.820019
5399,32.748425
5400,30.980967
5401,31.709608
5402,27.04822
5403,25.527964
5404,29.928509
5405,28.448854
5418,25.417639
5419,24.24964
5420,27.102715
5422,21.925564
5423,23.195383
5424,19.793072
5425,20.804739
5426,21.469358
5427,21.004082
5429,23.081709
5430,22.076912
5431,22.470797
5436,27.468517
5437,26.668545
5438,20.480095
5439,21.170052
5445,22.686596
5446,22.096136
5447,23.583113
5449,27.51664
5450,28.318033
5473,19.85733
5474,18.693605
5475,19.117327
5476,28.15958
5477,27.219011
5501,26.22473
5502,26.227684
5503,24.396935
5504,19.256166
5505,20.40724
5506,22.730927
5507,21.531672
5508,22.153093
5509,22.669245
5510,22.411684
5511,21.793135
5512,22.952982
5513,23.078205
5514,23.277876
5529,29.85162
5530,28.707678
5531,27.927073
5532,23.301994
5533,24.670898
5534,27.442162
5535,26.02315
5545,24.951038
5546,25.73415
5547,26.83038
5549,22.858112
5550,23.690626
5551,22.030848
5552,21.125277
5564,28.94503
5565,27.921675
5566,27.217525
5567,22.566936
5568,23.903065
5569,26.696465
5570,25.243103
5571,15.806497
5572,16.726025
5573,17.304813
5574,18.243107
5587,29.034323
5588,28.094625
5589,27.97402
5590,23.410261
5591,21.167192
5593,20.512945
5594,20.551128
5599,18.708118
5600,19.403477
5601,20.056585
5602,19.398685
5614,19.201796
5615,20.24539
5616,19.67548
5617,21.045315
5618,22.189983
5620,21.523584
5628,23.019888
5629,23.87506
5630,22.352625
5632,20.701206
5633,21.437632
5634,19.339527
5635,20.06049
5636,19.696955
5637,20.864658
5638,22.051138
5639,22.024477
5641,24.779432
5642,23.13597
5643,23.951534
5652,22.240065
5653,22.092018
5654,22.462435
5657,20.644173
5658,21.67575
5663,18.237913
5664,18.908764
5665,20.09439
5666,17.446697
5667,19.78369
5668,21.012184
5669,20.371794
5673,22.318485
5674,21.788877
5676,23.027132
5677,21.586754
5694,18.314283
5695,19.240572
5696,16.149132
5697,16.77601
5698,17.70532
5699,14.994793
5700,15.569709
5713,23.530905
5714,22.691593
5716,18.698885
5717,19.7313
5718,22.11227
5719,21.213306
5720,20.459639
5721,20.65674
5722,21.357964
5723,22.280336
5724,19.278852
5725,19.979782
5727,23.512232
5728,23.756937
5736,20.247334
5737,21.576263
5739,16.323639
5740,17.381638
5741,19.781439
5742,18.901033
5743,18.211618
5748,18.877546
5749,20.416176
5750,19.098349
5751,17.988058
5753,23.577106
5754,21.083092
5763,20.633541
5764,20.265787
5765,21.19448
5767,18.539158
5768,18.037498
5769,19.036776
5770,19.5886
5775,18.972885
5776,18.360725
5777,19.812794
5778,16.508291
5779,17.547401
5781,21.699244
5782,20.398785
5791,21.171535
5792,22.011744
5794,20.602604
5795,19.384954
5796,20.069908
5799,21.21375
5800,20.290325
5801,18.047895
5802,19.28099
5804,23.424477
5805,22.63572
5806,22.15778
5815,18.957792
5816,19.595709
5818,20.532755
5819,17.21276
5820,18.021082
5822,20.605309
5823,19.97369
5824,21.34479
5825,19.450464
5827,21.862461
5828,22.64631
5837,20.879812
5839,21.792593
5840,16.888678
5841,17.624825
5842,20.308067
5843,18.39299
5844,19.114431
5845,23.297012
5846,22.543137
5847,20.66118
5848,21.751253
5849,24.055012
5851,24.917109
5852,24.281612
5863,20.168928
5864,20.94831
5866,21.926702
5867,18.357534
5868,19.21409
5869,21.224564
5870,20.721228
5871,21.875715
5872,20.272865
5873,19.728424
5874,22.967398
5876,22.304764
5883,24.880232
5884,24.283888
5886,24.22445
5887,20.958487
5888,21.867624
5889,22.538546
5890,23.307974
5891,21.410046
5892,21.001135
5893,22.162134
5894,20.02382
5895,20.373978
5896,25.40546
5898,22.616302
5905,24.793777
5906,24.117281
5908,21.669336
5909,20.865
5910,24.26436
5911,22.514881
5912,23.2102
5913,20.609629
5914,20.012682
5915,21.38604
5916,18.714296
5917,19.449602
5919,22.599749
5920,21.874517
5926,23.326418
5927,23.465359
5928,23.625147
5929,22.450968
5930,23.00803
5931,23.553495
5932,24.138235
5942,29.476416
5943,28.503843
5944,27.8798
5945,27.162117
5946,25.788406
5947,24.503553
5948,23.197634
5957,24.750725
5958,26.231562
5959,27.655973
5960,27.82081
5961,29.025572
5962,18.220198
5963,17.340904
5970,19.649515
5971,18.764427
5975,27.143337
5976,19.697166
5977,18.94766
5978,20.782213
5979,21.75382
5980,22.327631
5981,23.499752
6001,22.629103
6002,21.80075
6003,23.242655
6004,20.22381
6005,20.061838
6006,19.93706
6007,19.441116
6008,21.631964
6009,22.71287
6010,22.180952
6011,23.273558
6012,24.47032
6013,24.00363
6014,25.171425
6017,24.411634
6018,22.971123
6019,23.555193
6024,22.024649
6025,21.324842
6026,19.897303
6027,20.590185
6028,19.304577
6029,19.840971
6030,20.706049
6036,21.21084
6037,21.902166
6040,22.566252
6041,21.766335
6046,21.35982
6047,30.016588
6048,29.097979
6049,28.432798
6050,28.203735
6051,22.0196
6052,21.388063
6053,22.870438
6054,23.264582
6056,23.731937
6057,24.011889
6058,24.417398
6061,22.503107
6062,21.829248
6067,21.343227
6068,19.85984
6069,20.498682
6070,22.009123
6071,21.416792
6072,23.30559
6073,20.343992
6074,20.80858
6078,23.724829
6079,24.129967
6082,24.88507
6083,25.029295
6084,22.403372
6085,21.775166
6086,24.506014
6087,23.030947
6088,23.68255
6089,24.358402
6090,25.207521
6091,23.883175
6092,24.596954
6093,25.28385
6094,23.65819
6095,23.652475
6096,23.216595
6097,23.18705
6098,23.741919
6099,24.391563
6100,25.039207
6101,23.311228
6102,24.69486
6103,23.400158
6104,25.577646
6105,25.731995
6107,25.38453
6108,26.276001
6109,24.375408
6110,23.373508
6111,22.313992
6112,24.455172
6113,25.057673
6114,24.119328
6115,24.46709
6116,24.275694
6117,23.39739
6118,23.454996
6119,23.364246
6120,24.243992
6121,23.6625
6122,23.516527
6123,23.025442
6124,22.979275
6125,23.134487
6126,22.23282
6127,22.95703
6128,22.7553
6129,22.902746
6130,26.371944
6131,27.144665
6132,25.75135
6133,24.819164
6134,23.821583
6135,25.904753
6136,25.75857
6137,23.234718
6138,23.35479
6139,22.357939
6140,22.917429
6141,23.469234
6142,23.128317
6143,22.896933
6144,24.637806
6145,24.058287
6146,24.017244
6147,23.418247
6148,22.72944
6149,24.403545
6150,24.1886
6151,25.90769
6152,26.517385
6153,25.70165
6154,25.959755
6155,25.794476
6156,23.0342
6157,23.119678
6158,23.144112
6159,23.81382
6160,24.158146
6161,24.717793
6162,25.063166
6163,24.632292
6164,23.288979
6165,25.154663
6167,24.051023
6168,24.518782
6169,23.32042
6170,22.742947
6171,22.205847
6172,21.659714
6173,22.664413
6174,25.930403
6175,24.456724
6176,26.502777
6177,25.854115
6178,25.270678
6180,25.343523
6181,23.058987
6182,24.422226
6183,26.033794
6184,25.566359
6185,26.533293
6186,24.55709
6187,24.561525
6188,23.586435
6189,23.876118
6190,23.425007
6191,23.155218
6192,22.838846
6193,22.89264
6194,21.78569
6195,23.010065
6196,23.007978
6197,23.026798
6198,27.730366
6199,26.24424
6200,27.031391
6201,27.219618
6202,27.846003
6203,25.444042
6204,24.514273
6205,24.405453
6206,24.215101
6207,24.242588
6208,24.051325
6209,24.833136
6210,24.932299
6211,23.338337
6212,24.123743
6213,25.753775
6214,25.768698
6215,26.261297
6216,24.068424
6217,22.970144
6218,22.847513
6219,24.528677
6220,25.199991
6221,25.97036
6222,26.376364
6223,25.294474
6224,27.39206
6225,27.007587
6226,24.588943
6227,23.289204
6228,25.149998
6229,22.980492
6230,22.937126
6231,24.87751
6232,23.252869
6233,23.350126
6234,22.95918
6235,22.889482
7041,13.88357
7042,13.371422
7043,13.078844
7044,12.652583
7045,12.299726
7046,12.273266
7047,12.155645
7656,15.351643
7657,16.183435
7658,17.503815
8092,25.666744
8093,24.959063
8094,24.466572
8095,23.527534
8096,21.98328
8097,23.033571
8098,22.646082
8248,24.796938
8249,25.670588
8250,24.10756
8406,27.710175
8407,26.87176
8408,27.577707
8409,25.171053
8410,21.234041
8411,21.645647
8412,20.030998
8637,21.19624
8638,19.807127
8639,18.319065
8640,22.679485
8641,20.990173
8642,23.286747
8643,22.407948
8698,23.64813
8699,25.007603
8700,22.64321
8701,21.183765
8702,17.903156
8703,19.034534
8704,20.081673
8885,11.542491
8902,27.63442
8903,26.887827
8904,25.783566
9051,22.820133
9052,22.773598
9053,22.706484
9054,22.787886
9055,22.793745
9056,22.62237
9057,22.831455
9058,22.702282
9363,36.86346
9364,35.948917
9365,31.411095
9366,29.556614
9367,33.049656
9368,34.88159
9386,12.234322
9387,11.621174
9388,13.207283
9389,14.116279
9391,15.583618
9412,16.59009
9414,15.27542
9415,14.342637
9416,12.833711
9417,13.320333
9418,12.137974
9419,12.519126
9434,20.722515
9439,31.669374
9440,30.746725
9441,33.492302
9442,32.472878
9459,37.89025
9460,35.466537
9461,36.720882
9462,29.749065
9463,32.406086
9464,27.43377
9479,12.431183
9480,16.985205
9481,16.116236
9482,18.948294
9524,35.550808
9525,33.383656
9526,34.258682
9527,31.690868
9528,29.821718
9529,28.220232
9545,18.91849
9551,33.544716
9552,34.44801
9569,13.3430805
9570,14.297055
9576,18.629786
9577,16.80869
9578,15.664644
9630,16.656813
9643,28.392633
9644,24.543684
9645,26.172647
9650,22.67577
9651,20.47397
9668,23.733461
9669,26.109415
9670,21.655315
9673,31.069485
9674,30.067366
9675,32.475914
9694,20.695318
9699,32.703094
9700,34.591846
9701,33.572685
9721,21.588884
9723,19.02383
9724,20.03596
9725,32.073597
9741,13.41027
9742,15.750599
9743,14.590006
9745,17.517231
9754,12.095048
9756,11.884606
9757,11.729452
9758,11.692747
9759,11.596695
9825,38.22091
9826,33.614758
9827,30.930397
9828,36.02946
9829,37.085323
9864,35.335835
9865,34.254585
9866,33.315884
9867,32.20028
9868,33.226
9884,12.741958
9885,13.504869
9886,14.238386
9888,15.754455
9893,33.690693
9913,19.254892
9915,17.771759
9916,16.61743
9917,31.597776
9918,32.711357
9919,33.548897
9939,35.4822
9940,33.108994
9941,34.23618
9942,30.628271
9943,33.240944
9944,28.760015
9945,26.741318
9962,17.731997
9963,16.208967
9964,24.242975
9966,21.53259
9967,19.836325
9989,24.801062
9990,25.501202
9992,31.233255
9993,22.426657
9994,23.50638
9995,21.406178
10014,32.867188
10015,31.830471
10016,30.595335
10054,25.017544
10055,27.600588
10056,29.721483
10058,20.964762
10059,24.477882
10060,21.994757
10099,36.632774
10100,34.09405
10101,35.297012
10102,32.129406
10103,31.128801
10126,18.063696
10131,35.36918
10132,35.04641
10133,34.025803
10155,33.803925
10156,34.60671
10157,30.24613
10158,32.233242
10159,28.559572
10160,26.838228
10176,22.750322
10182,33.89463
10183,33.397865
10184,34.30348
10200,14.102144
10201,14.622832
10202,13.702212
10208,15.898176
10209,15.318309
10210,15.062626
10221,22.801228
10227,34.959473
10228,34.79927
10229,33.779808
10247,33.645573
10248,33.97448
10249,32.448326
10250,29.484993
10251,32.975002
10252,27.806911
10279,21.25806
10281,32.55835
10282,31.28734
10283,34.42605
10284,33.422356
10312,34.26546
10313,32.016235
10314,30.392912
10317,33.106335
10318,34.31324
10319,31.03918
10320,32.2893
10349,30.7458
10350,29.732424
10351,32.465607
10352,31.657255
10446,17.028976
10447,15.751706
10448,34.455505
10449,32.61116
10450,33.250053
10531,34.131294
10532,33.74224
10533,35.461685
10534,28.439144
10535,30.120047
10536,32.035778
10576,13.574597
10581,33.427288
10582,32.396793
10633,35.357964
10634,33.760998
10635,33.9124
10636,29.299137
10637,27.495762
10638,30.88074
10639,31.706968
10658,35.132114
10659,35.350178
10660,36.27065
10661,35.274174
10662,33.29499
10663,28.676443
10664,31.15301
10665,13.149761
10666,12.589501
10667,13.181485
10668,13.282641
10669,13.548971
10671,13.120865
10672,13.624299
10720,13.379754
10721,13.020833
10723,13.902202
10724,12.795947
10725,12.477999
10726,11.725908
10727,12.151184
10747,33.69787
10748,33.690605
10749,34.345467
10821,13.107759
10900,17.193102
10901,38.340603
10902,37.059715
10903,35.90022
10963,31.34238
10964,28.963045
10965,34.0578
10966,33.942482
10967,35.155987
11144,10.813653
11174,34.23396
11175,31.404135
11176,30.757633
11178,28.994793
11179,22.461267
11180,24.932388
11212,34.05007
11213,32.955578
11214,35.552814
11215,34.485443
11274,25.976637
11275,23.39529
11276,21.438791
11277,32.055225
11279,28.227667
11280,29.580767
11306,29.566492
11307,28.226858
11309,32.108425
11310,21.484125
11311,19.604689
11312,23.704172
11313,25.875792
11334,34.421757
11335,35.417118
11336,33.42238
11337,31.54239
11338,28.16487
11339,29.915789
11340,18.836557
11341,17.801588
11342,19.573526
11343,20.466988
11344,22.125118
11345,21.36091
11346,23.180384
11378,29.667799
11379,24.894289
11380,26.999853
11381,26.332575
11382,19.661875
11383,16.653692
11384,18.051067
11409,29.05139
11410,30.926987
11411,28.434412
11412,33.40491
11440,25.783302
11441,22.455532
11442,23.893263
11443,20.574589
11465,21.865107
11466,28.086695
11467,24.711214
11468,28.039747
11499,35.681293
11500,30.299149
11501,32.4068
11502,27.415005
11503,24.66989
11504,22.398106
11505,20.282206
11690,27.139515
11691,23.136896
11692,26.474804
11693,21.046097
11694,18.923038
11941,16.850782
12297,14.666748
12298,13.887662
12299,33.738235
12300,35.06743
12346,9.426506
12347,9.921209
12348,9.333869
12349,11.264866
12350,10.734153
12351,12.289601
12505,14.590088
12506,13.669809
12566,26.59132
12567,25.138754
12568,28.639215
12572,23.32079
12627,35.386307
12628,36.533916
12629,33.56622
12630,31.191822
12672,35.6155
12673,32.87873
12675,36.789448
12676,30.82213
13272,33.790485
13274,29.68073
13275,31.60586
13276,27.132883
13277,25.003092
13278,23.179632
13279,21.242653
13398,16.245342
13399,15.154413
13401,17.994066
13407,30.411236
13408,31.406815
13546,14.657989
13548,31.653332
13549,34.140316
13550,32.799065
13588,24.4311
13589,26.056814
13590,22.961454
13592,31.92782
13593,27.98374
13594,29.619835
13653,32.42597
13654,30.44499
13655,33.656208
13727,26.825085
13728,20.761414
13729,27.004253
13735,19.582985
13736,18.208248
13737,18.097038
13738,20.993696
13884,16.562506
13885,18.377836
13886,13.837784
13887,15.162564
13888,22.258783
13889,20.5899
13890,23.752981
14030,33.51662
14031,30.745382
14032,32.443794
14033,31.529572
14315,13.056466
14316,34.024403
14317,32.727875
14360,31.583534
14361,32.343414
14362,23.358912
14363,24.649084
14364,28.52158
14365,30.649952
14469,17.494913
14474,32.81446
14475,32.14709
14476,30.00204
14477,28.56041
14537,12.069025
14643,18.342375
14644,16.829977
14645,15.92304
14763,23.989824
14764,25.848621
14765,28.439219
14771,21.47261
14772,19.779488
14773,17.013708
14774,18.134985
15109,19.10046
15110,17.832216
15111,16.61874
15327,28.716986
15328,30.87448
15329,34.14576
15331,21.488165
15332,19.349504
15333,23.358488
15334,25.638302
15395,12.287016
15486,32.402534
15488,31.167778
15489,30.383768
15490,27.7493
15491,25.48345
15492,21.053183
15493,23.24561
15579,33.845085
15614,31.083702
15615,32.661434
15617,29.577974
15618,24.695684
15619,19.842806
15620,26.377493
15621,22.122293
15668,34.61486
15670,33.19329
15671,33.75515
15672,28.19775
15673,23.845566
15674,26.032564
15758,18.679428
15763,32.870888
15764,31.662706
15765,34.025444
15808,35.463413
15809,32.74337
15810,34.00986
15811,32.355854
15812,31.706646
15869,30.494768
15870,31.319828
15872,32.60241
15873,22.954824
15874,24.29119
15875,25.234888
15907,38.18075
15908,36.804585
15909,36.621956
15910,30.72164
15911,33.421883
15912,28.401485
15913,25.934437
15941,35.872498
15942,34.052593
15943,35.431713
15944,27.758537
15945,32.774525
15946,30.034496
16015,37.284004
16017,34.36282
16018,32.09765
16019,26.765059
16020,29.202187
16021,24.750723
16022,22.464489
16065,21.142803
16070,31.146044
16071,32.426807
16130,23.8129
16131,19.493183
16132,21.306744
16137,17.646465
16162,24.924444
16163,22.36931
16166,29.713343
16167,27.52804
16168,32.37542
16196,31.724007
16197,28.143553
16198,29.631304
16202,23.52742
16203,25.613602
16204,18.184164
16205,16.148758
16262,20.426205
16263,22.508678
16265,32.87503
16266,32.829185
16267,33.840843
16294,24.99247
16295,27.269722
16296,23.192268
16297,20.637589
16299,33.787853
16300,31.420122
16301,29.83494
16556,34.134323
16557,35.16732
16558,32.538788
16559,32.003914
16649,23.934551
16650,24.022814
16651,23.823568
16652,26.178492
16653,24.045794
16654,23.95776
16655,23.951431
16656,23.948895
16657,27.583248
16774,25.320343
16823,37.057808
16824,36.647213
16825,37.87558
16826,23.970606
16827,24.136082
16828,27.910841
16829,26.860409
16830,28.207306
16831,25.489939
16832,25.620468
16843,9.866298
16860,26.934254
16862,25.127138
16863,25.877802
16864,24.130777
16865,22.775026
16866,20.012373
16867,21.454494
16868,20.559498
16869,21.361862
16870,21.919437
16871,23.413927
16872,25.36269
16873,24.617281
16875,26.457447
16878,25.769598
16879,25.685162
16880,25.635374
16881,26.043253
16882,27.139095
16883,28.211805
16884,25.942675
16973,31.097147
16974,31.79246
16975,30.651335
16976,29.155409
16977,27.732653
16978,28.906944
16979,26.52089
16980,25.187737
16981,26.91179
16982,30.050676
16983,24.519907
16984,24.54769
16985,24.129087
16986,27.384722
16987,26.470379
16988,27.117552
16989,26.91665
16990,25.973675
16991,25.00742
16992,25.957731
16993,24.471167
16994,24.122917
16995,24.281975
16996,25.416046
16997,25.424276
16998,29.224009
16999,24.614645
17000,28.14222
17001,27.922018
17002,27.077044
17003,24.279684
17004,24.173822
17005,24.3632
17006,24.400385
17007,28.067465
17008,29.173914
17009,24.281929
17010,24.146528
17011,26.975954
17012,27.724121
17013,24.204756
17014,25.314508
17015,25.664362
17016,24.654612
17017,27.780846
17018,25.852774
17019,25.85669
17020,26.84512
17021,26.798996
17022,26.2341
17023,27.232794
17024,28.368504
17025,24.325106
17026,28.453197
17027,29.057535
17028,28.029531
17029,27.775679
17030,24.77119
17031,24.647625
17032,27.90388
17033,26.183023
17034,25.131666
17035,24.51117
17036,24.51781
17037,24.523365
17038,24.192116
17039,24.300312
17040,23.331543
17041,24.518757
17042,26.381645
17043,24.059195
17044,24.163145
17045,27.74863
17046,23.899101
17047,27.166899
17048,24.270988
17049,24.184372
17050,24.108854
17051,23.826897
17052,23.694977
17053,11.179289
17054,11.0104885
17055,10.913005
17056,10.826572
17057,25.720434
17058,26.955727
17059,26.250586
17060,27.099064
17061,22.960558
17062,23.00889
17063,23.858383
17064,23.80578
17065,23.687847
17066,23.821295
17067,24.413721
17068,24.345396
17069,26.866497
17070,25.872643
17071,24.074738
17072,25.009739
17073,24.899828
17074,24.919384
17075,28.062164
17076,25.944687
17077,27.747772
17078,24.199594
17079,27.054098
17080,23.93484
17081,25.73077
17082,25.718254
17083,25.46416
17084,24.26323
17085,27.649004
17086,26.576399
17087,23.646128
17088,27.786318
17089,25.536331
17090,25.611324
17091,25.736197
17092,23.612741
17093,23.727943
17094,27.837093
17095,24.12638
17096,24.144043
17097,23.585789
17098,23.504255
17099,23.6324
17100,23.723576
17101,23.382824
18099,15.407819
18100,14.024027
18101,13.615091
18102,32.394257
18103,31.288717
18384,15.6589775
18697,31.996737
18838,17.78654
18839,19.066032
18841,21.357685
18846,15.689827
18947,25.705978
18949,25.100235
19662,31.073217
19663,28.707396
19664,24.013422
19665,23.038956
19666,21.441668
19667,18.418287
19668,19.968168
19716,12.552073
19717,13.086678
19718,13.942661
19719,14.663295
19720,15.680492
20639,19.973726
20640,17.855637
20641,16.407228
20642,14.886087
20643,13.827157
20682,27.942162
21070,19.125114
21071,14.541944
21072,14.940214
21073,13.867935
21074,14.1279335
21075,13.683493
21331,32.241035
21332,29.643143
21333,31.456472
21334,33.30142
21335,34.665466
21338,22.344812
21339,20.686838
21345,32.73795
21353,35.173447
21354,30.671574
21355,28.619368
21356,31.857761
21357,34.196583
21358,33.04877
21359,22.11694
21367,36.023422
21368,34.76947
21369,33.791775
21370,35.785778
21371,24.369097
21372,24.483688
21373,26.297716
21374,25.464607
21375,27.160318
21376,24.326878
21377,24.239433
21378,24.632713
21379,24.403852
21380,27.086338
21381,25.241735
21382,28.03402
21383,26.2279
21384,26.809385
21385,27.14041
21386,23.114014
21387,23.13245
21388,25.391531
21389,25.405022
21390,27.763739
21391,25.45616
21392,23.311052
21393,23.145512
21783,32.521515
21784,30.165144
21785,22.58767
21786,26.201769
21787,28.442945
22173,21.21611
22174,21.498625
22175,16.192503
22176,15.293905
22177,20.374807
22178,24.860077
22179,26.927412
22246,33.059143
22247,31.271791
22248,25.779394
22249,22.307161
22250,24.12047
22251,27.649446
22252,29.990227
24703,26.398956
24704,26.402962
24705,26.469477
24706,26.446888
24707,26.903912
24775,32.617924
24776,27.36491
24777,28.132582
24778,30.04751
24779,31.781994
24780,30.44602
24781,15.439058
24782,18.081972
24783,14.91429
24784,13.909513
24785,13.605615
24786,18.250452
24787,20.110458
24815,35.63096
24816,35.354992
24817,24.687166
24818,26.270397
24819,32.16774
24820,35.230347
24821,33.587612
24830,32.319374
24831,33.80438
24832,31.450073
24833,32.11499
24834,29.748854
24835,28.143682
24836,17.493168
24837,16.14045
24859,19.0895
24860,20.036165
24861,32.78583
24862,31.773384
24863,33.775776
24864,16.604223
24865,15.827853
24866,18.98667
24867,17.666115
24868,21.592484
24869,20.046553
24891,15.804556
24892,16.821297
24893,14.723868
24901,35.538006
24902,34.171623
24903,34.71112
24904,31.70013
24905,27.535734
24906,28.504265
24917,31.310347
24918,30.316158
24919,29.267155
24920,32.179333
24921,33.606045
24932,34.212387
24933,33.280586
24934,31.869326
24935,27.228643
24936,28.95463
24937,30.579826
24938,21.287575
24939,22.49884
24940,24.1088
24947,33.21162
24948,31.824615
24955,21.329048
24956,20.06808
24959,32.903084
24960,33.86713
24961,16.746973
24962,16.254171
24963,15.827608
24964,18.768694
24965,17.412254
24966,17.607225
24967,19.386135
24989,18.738276
24990,17.058304
24991,16.45497
24992,17.042677
24993,15.508365
24994,15.948988
25003,33.894768
25004,32.11862
25005,29.139856
25006,28.438778
25007,32.970215
25008,32.895847
25018,36.037148
25019,32.247932
25020,32.764374
25021,35.820198
25022,21.808048
25023,21.25045
25024,20.455114
25025,22.587992
25026,24.269579
25031,24.83424
25032,26.485403
25033,22.224655
25045,37.347626
25046,36.342506
25047,35.007988
25048,29.817936
25049,31.778887
25050,34.440243
25051,21.40241
25052,22.81115
25060,33.328644
25061,32.47044
25070,36.02963
25071,34.762077
25072,28.47985
25073,26.805006
25074,30.154139
25075,32.088524
25076,34.144653
25077,20.61786
25078,21.962599
25079,23.810324
25091,25.65686
25092,23.985304
25093,22.85377
25094,21.09292
25095,33.366886
25103,24.592167
25104,26.014069
25106,21.572128
25107,22.394388
25108,23.503756
25109,20.119394
25110,20.578428
25111,21.401371
25114,25.582937
25115,24.374212
25128,21.727043
25131,32.55389
25132,31.783735
25133,33.789406
25134,22.934586
25135,24.014313
25136,21.101542
25137,20.200731
25138,21.974901
25141,26.163046
25142,24.914265
25147,24.283485
25148,25.733315
25151,20.575014
25152,19.647566
25153,23.23374
25154,21.776644
25155,21.658134
25156,23.052023
25159,25.286407
25160,23.965578
25166,21.987406
25167,23.406422
25172,20.674438
25173,19.00458
25176,22.765602
25177,24.086273
25178,20.83515
25179,19.933304
25180,21.681665
25184,26.188705
25185,24.968122
25190,20.931744
25191,22.053036
25196,20.239847
25197,19.15732
25200,21.698269
25201,22.809679
25205,25.158777
25206,23.73438
25211,23.72808
25212,26.537367
25220,24.069216
25221,22.835743
25224,21.914625
25225,20.72886
25226,22.397015
25227,19.870947
25228,21.10247
25231,23.488161
25232,24.856817
25238,22.986275
25239,21.845503
25242,31.449636
25243,32.560966
25244,33.59978
25245,21.637419
25246,20.475525
25249,22.74239
25250,24.040308
25254,27.553757
25255,27.139795
25256,27.362982
25257,28.859512
25258,27.601437
25259,26.241783
25260,21.014923
25261,23.419857
25262,22.152666
25263,24.393038
25264,25.631355
25275,24.416931
25276,27.198925
25277,25.455732
25278,26.427238
25279,24.519722
25280,23.2479
25281,22.431328
25282,20.785475
25283,23.680477
25284,25.001709
25293,25.44475
25294,24.351418
25295,21.466543
25296,23.138262
25297,20.01073
25305,26.907896
25306,27.960611
25307,23.278204
25308,21.995321
25309,20.495396
25310,25.973866
25311,24.734755
25312,22.63553
25313,23.891872
25314,21.054836
25315,26.240557
25316,24.830975
25327,22.817678
25328,24.409346
25329,21.587568
25330,19.910248
25339,26.568369
25340,26.689486
25341,24.38804
25342,25.60864
25343,23.293137
25344,20.71728
25345,22.176172
25346,23.163229
25347,21.374443
25348,23.931244
25349,25.930101
25350,24.71358
25351,27.284374
25352,27.037865
25360,26.082222
25361,24.745306
25362,22.547333
25363,23.790747
25364,21.46852
25365,20.499464
25366,21.26086
25367,19.616077
25368,22.528378
25369,24.168268
25376,33.143417
25377,21.968044
25378,23.474041
25379,24.731625
25380,25.807188
25381,27.013847
25382,24.611115
25383,27.675863
25384,24.503014
25385,25.567808
25390,23.182411
25391,21.371437
25392,20.0539
25393,23.192366
25394,21.813461
25395,20.376247
25396,24.53078
25397,25.499601
25401,24.163187
25402,24.25088
25403,23.656212
25404,24.974478
25409,24.38704
25410,22.93252
25411,19.635683
25412,20.7061
25413,21.907871
25414,18.955679
25415,18.097584
25416,19.972372
25417,21.32266
25422,23.907244
25423,22.40648
25424,26.968426
25425,28.332708
25429,25.58571
25430,24.389822
25431,22.637314
25432,21.472883
25433,23.394684
25434,23.499254
25435,21.125238
25436,22.281881
25437,24.539818
25438,25.690683
25444,27.863714
25445,26.667189
25446,25.158789
25447,26.988832
25452,25.612831
25453,24.472212
25454,22.634613
25455,23.492832
25456,21.819258
25457,20.958988
25458,22.9087
25459,24.039825
25465,26.202158
25466,25.059046
25467,23.154268
25474,20.885265
25475,19.806913
25476,22.907795
25477,25.49454
25478,21.292776
25479,20.46844
25483,25.954052
25484,25.679445
25485,24.107773
25486,24.225168
25487,24.161594
25488,24.043133
25489,26.13689
25490,27.322758
25491,24.140923
25492,25.079292
25493,28.153803
25494,29.304249
25498,28.95443
25499,27.693155
25501,24.324139
25502,23.245544
25503,26.692402
25504,25.281082
25505,24.651978
25506,25.911167
25507,22.530596
25508,21.509115
25509,23.471287
25511,26.84284
25512,28.085966
25517,26.92822
25518,27.479525
25520,24.091192
25521,23.049402
25522,26.46022
25523,25.293154
25524,24.247149
25525,25.376457
25526,21.323412
25527,23.208735
25529,26.313963
25530,26.305038
25533,25.793196
25534,24.417551
25537,21.20677
25538,17.907207
25539,20.329792
25540,23.436678
25541,22.244234
25542,23.878073
25543,24.119888
25544,24.150414
25545,24.0469
25546,22.581455
25547,21.577364
25548,24.868559
25549,26.050678
25551,26.066486
25552,27.174187
25557,25.522703
25558,26.220078
25560,25.205563
25561,23.324247
25562,22.30763
25563,18.955948
25564,23.25025
25565,25.937523
25566,25.881273
25567,26.067192
25568,25.754126
25569,29.284878
25570,28.919474
25571,25.998228
25572,24.048344
25573,24.152111
25574,24.265316
25575,21.833427
25576,20.757166
25577,22.896164
25578,23.942713
25579,25.181593
25581,26.131145
25582,27.40117
25585,26.023104
25586,26.032236
25587,27.421095
25588,24.46816
25589,27.305674
25590,26.34125
25591,26.416912
25592,24.35489
25593,25.571064
25594,26.6507
25598,20.875257
25599,22.169085
25600,23.572664
25601,24.829554
25602,26.825718
25603,28.806656
25604,27.517862
25605,26.327879
25606,27.219484
25607,26.993923
25608,24.058111
25609,23.98953
25610,25.247345
25611,25.850931
25612,26.032139
25613,26.872849
25614,24.152048
25615,28.847212
25616,30.047297
25617,28.941496
25618,28.008606
25619,24.868925
25620,24.928726
25621,26.032236
25622,26.048521
25623,22.357346
25624,23.478998
25625,24.749413
25626,27.401546
25627,24.316475
25628,24.510067
25629,24.58409
25630,24.162666
25631,23.03429
25632,25.20643
25633,26.456516
25634,27.761347
25635,25.970263
25636,25.974062
25637,26.889666
25638,26.871134
25639,26.79333
25640,26.888313
25641,25.835688
25642,26.127922
25643,23.479673
25644,24.005209
25645,26.42291
25646,24.887184
25647,25.074406
25648,25.0983
25649,23.614042
25650,23.755445
25651,23.83242
25652,23.81499
25653,24.03431
25654,28.829071
25655,29.692162
25656,30.650787
25657,31.752583
25658,27.608156
25659,31.444515
25660,24.977386
25661,24.88748
25662,28.615042
25663,27.81495
25664,26.861528
25665,25.952152
25666,25.602764
25667,25.644438
25668,27.76517
25669,28.96091
25670,29.157957
25671,26.20852
25672,23.803204
25673,26.499367
25674,27.47671
25675,27.594252
25676,28.59373
25677,23.86944
25678,23.661627
25679,24.535246
25680,26.700369
25682,24.594776
25683,25.779474
25684,23.5338
25685,23.331684
25686,21.44308
25687,25.457825
25688,26.2113
25689,23.93399
25690,27.115664
25691,23.85474
25692,26.792372
25693,26.694174
25694,26.771784
25695,26.739689
25696,25.695526
25697,24.562168
25698,23.840225
25699,24.019146
25700,23.890753
25701,23.627956
25702,23.934118
25703,24.262684
25704,24.122536
25705,28.104883
25706,27.266584
25707,27.388157
25708,25.655247
25709,26.701612
25710,26.769707
25711,26.689297
25712,26.788372
25713,25.223093
25714,25.098238
25715,29.718885
25716,28.8026
25717,28.609901
25718,27.531767
25719,26.333075
25720,25.797983
25721,25.85081
25722,25.961979
25723,28.645063
25724,26.677761
25725,27.354946
25726,26.169466
25727,27.038183
25728,26.841444
25729,27.811224
25730,27.939447
25731,29.098372
25732,29.925014
25733,31.75953
25734,30.758423
25735,24.247618
25736,25.536505
25737,22.535679
25738,21.403246
25739,27.338572
25740,26.196657
25743,27.47248
25744,28.211847
25745,24.516815
25746,30.90132
25747,31.91385
25748,30.065142
25749,29.312958
25750,27.824642
25751,27.97623
25752,26.066595
25753,27.250563
25757,20.170717
25758,21.425333
25759,23.249662
25760,25.133299
25761,23.263288
25762,28.643806
25763,26.794159
25764,27.286642
25765,24.751402
25766,26.09963
25767,26.949339
25768,27.19916
25769,23.766937
25770,23.763712
25771,22.729244
25772,23.857689
25773,25.15907
25774,27.647387
25775,25.873867
25776,23.37235
25777,23.61738
25778,25.399044
25779,25.44299
25780,25.588957
25781,23.493748
25785,19.6807
25786,20.457546
25807,19.697088
25808,18.613628
25809,17.22931
25810,18.78738
25811,16.52394
25812,16.258125
25813,17.48939
25814,16.321781
25815,18.438736
25816,19.919292
25837,18.559246
25838,18.155426
25839,16.822231
25840,17.70252
25841,15.475709
25842,16.11489
25843,16.806446
25844,17.765532
25845,19.183325
25854,33.832417
25855,32.802086
25856,15.968238
25857,16.384916
25858,17.402449
25859,16.86749
25866,20.158504
25867,17.903593
25873,19.16928
25880,36.112442
25881,34.85324
25882,33.73421
25883,33.701958
25892,31.025707
25893,33.75083
25894,35.49804
25895,34.931725
25896,36.270435
25906,36.138554
25907,35.19865
25908,34.290985
25909,32.296116
25910,30.754028
25911,28.941038
25912,19.232124
25913,19.86263
25914,20.74711
25925,31.935783
25926,32.997707
25927,19.113829
25933,20.736023
25934,19.759634
25939,33.359627
25940,32.224056
25950,29.433397
25951,31.114695
25952,32.686935
25953,34.915646
25954,34.330124
25959,20.391726
25973,34.444653
25974,32.5942
25975,33.455837
25976,30.85223
25977,29.362213
25978,27.749561
26054,33.371826
26055,33.47617
26056,34.620846
26069,16.205427
26072,17.098505
26073,18.418114
26082,18.244204
26083,16.571156
26086,15.785075
26091,32.92046
26092,31.996807
26205,33.82496
26206,35.042156
26207,29.650618
26208,29.883677
26209,33.756207
26210,31.578583
26211,18.643898
26212,17.061169
26221,33.835217
26222,32.910034
26223,15.7823925
26230,16.85345
26231,18.317173
26245,33.58236
26246,32.602882
26247,32.294464
26248,28.336613
26249,26.764488
26250,31.471422
26251,17.13031
26252,18.464167
26262,33.809036
26263,32.671394
26264,15.229483
26265,18.109207
26272,16.67652
26273,15.476174
26285,17.38555
26286,18.754576
26293,16.290588
26294,33.587093
26295,32.529476
26307,34.40693
26308,29.477295
26309,32.32663
26310,33.13539
26311,32.92978
26312,26.675993
26313,26.80964
26314,25.447498
26315,24.432526
26316,26.981945
26329,34.344227
26330,35.544125
26332,29.49059
26333,31.172653
26334,33.146896
26335,33.004585
26349,32.267982
26350,30.241064
26351,28.683687
26352,24.8404
26353,23.296852
26354,21.305468
26379,34.12335
26380,27.198313
26381,28.754011
26382,30.23013
26383,33.15733
26384,31.937283
26398,35.515594
26399,36.42902
26400,34.659878
26401,32.66676
26413,29.919018
26414,32.113396
26415,23.316975
26416,24.688055
26417,28.331144
26418,19.784779
26419,18.799435
26429,33.689735
26430,32.545856
26431,31.481573
26443,31.959238
26444,34.265453
26445,25.603249
26446,30.015615
26447,27.935516
26459,35.364845
26460,34.26508
26461,31.778542
26462,33.812805
26463,31.990267
26464,30.425228
26465,25.95413
26466,27.12849
26467,29.60526
26468,28.3132
26469,28.650227
26470,26.376251
26493,36.31692
26494,35.089386
26495,32.494755
26496,33.97554
26497,30.692392
26498,29.075773
26499,27.225054
26500,21.141571
26510,34.98027
26511,36.060253
26526,33.10004
26527,30.878801
26528,24.322435
26529,22.261683
26530,29.178751
26531,26.83597
26541,36.568115
26542,35.07219
26543,35.68018
26544,31.555548
26545,29.606882
26546,33.173756
26547,20.000412
26558,32.435833
26559,31.429468
26560,33.57229
26561,15.668722
26568,17.735357
26569,16.428253
26574,35.49731
26575,36.525303
26576,36.654827
26577,18.700106
26578,19.48774
26579,20.154917
26589,33.19838
26590,16.712854
26596,19.144253
26597,17.651342
26606,19.871805
26607,20.826357
26614,19.067406
26615,17.91635
26616,16.927837
26617,14.068535
26618,14.886085
26624,16.794907
26625,15.6153965
26706,18.068443
26707,19.097008
26710,17.327623
26711,33.74547
26712,16.00867
26713,15.522149
26714,16.569254
26715,17.95692
26716,17.269888
26719,20.738894
26720,18.442976
26769,16.918243
26770,18.437458
26775,15.065459
26776,16.073427
26777,14.5786
26778,13.654389
26779,14.185734
26812,20.9215
26813,20.014296
26816,35.29534
26817,34.56013
26818,36.183388
26851,19.946367
26856,34.45538
26857,33.003445
26858,34.897865
26859,35.649307
26918,12.84787
26919,13.41479
26924,14.536449
26925,13.820293
26996,18.968513
26997,20.735977
27001,17.833391
27002,16.527708
27003,17.718887
27004,18.409588
27005,16.650852
27006,15.919163
27007,16.920506
27011,21.018135
27012,18.806414
27017,19.64433
27025,33.94188
27026,33.696445
27027,34.853264
27058,16.965492
27063,19.436953
27064,18.226526
27067,33.131836
27110,22.73149
27111,21.686306
27112,23.728355
27113,26.154839
27116,27.159554
27117,28.421736
27132,20.28674
27135,33.745537
27136,32.544807
27137,30.90459
27138,31.805595
27139,23.438469
27140,23.609034
27141,23.404888
27142,24.576935
27143,25.653028
27144,26.907269
27145,26.198555
27146,23.44755
27147,26.178862
27148,26.181871
27149,24.809364
27150,24.769354
27151,28.322878
27152,27.555868
27153,26.466002
27154,25.494524
27155,24.282562
27169,25.508123
27170,23.161371
27171,19.090483
27175,28.178774
27176,29.764036
27178,32.895584
27194,19.167246
27197,17.670324
27198,16.659845
27202,33.17516
27223,33.034954
27224,35.57298
27225,32.800777
27226,25.730247
27227,31.005077
27228,31.82667
27258,36.437386
27259,35.601387
27260,37.89134
27261,33.30581
27262,31.463125
27263,29.69935
27284,34.637714
27285,31.6984
27286,29.472141
27287,33.434624
27288,32.586857
27289,17.109266
27290,18.252754
27291,19.117018
27294,20.388947
27330,35.851612
27331,34.86045
27332,33.477013
27333,32.24094
27334,30.705322
27382,19.855661
27383,20.924658
27386,22.472025
27387,33.100777
27388,32.054176
27407,35.362556
27408,34.554253
27409,28.727089
27410,31.24955
27411,33.461205
27412,35.87081
27423,32.290844
27424,33.944244
27425,35.982216
27427,29.95888
27428,27.281628
27429,27.032667
27441,33.739098
27442,32.691517
27443,29.31178
27444,30.351017
27445,31.331123
27472,15.605496
27473,14.4948015
27474,15.041899
27475,13.711844
27476,17.435637
27477,19.426657
27479,22.036903
27487,12.93277
27517,20.649439
27522,34.353237
27523,32.369003
27524,33.29045
27535,23.478157
27536,24.94214
27539,29.957747
27542,27.907133
27543,26.557608
27578,16.774452
27579,20.368513
27581,24.131662
27582,15.226097
27583,15.771915
27584,16.20089
27585,15.883176
27599,20.382383
27600,26.907513
27603,24.71091
27604,22.937727
27624,18.906227
27625,19.681988
27627,20.984531
27628,17.818216
27629,16.989042
27630,16.11979
27658,19.366383
27664,36.85833
27665,37.743484
27666,35.80686
27676,22.926
27677,24.353247
27678,24.981419
27679,26.664553
27683,33.523006
27684,32.703632
27685,30.288345
27699,26.899761
27700,30.31174
27701,32.477467
27705,25.093916
27706,23.573547
27707,22.28075
27726,32.56305
27727,30.99679
27728,30.664324
27729,22.302269
27730,19.475187
27731,27.87528
27732,29.070114
27744,23.722578
27745,22.373444
27746,18.963951
27747,20.020973
27748,25.117575
27749,28.220905
27750,30.341732
27775,21.004534
27776,34.314598
27777,33.255703
27778,34.00675
27779,34.951843
27793,24.341959
27794,22.661274
27795,29.589245
27797,27.572647
27798,26.09302
27820,27.066557
27821,26.962566
27823,33.304256
27824,23.372149
27825,25.05771
27826,20.701517
27827,22.038773
27878,13.834129
27881,31.750944
27882,32.600433
27883,30.610533
27884,33.79796
27887,13.649438
27888,13.268813
27913,37.460762
27914,36.201958
27915,37.160778
27917,34.124187
27928,25.491505
27929,22.318167
27930,24.005693
27932,33.122772
27933,29.020775
27934,30.482344
27950,30.77915
27951,29.059809
27952,33.04511
27954,24.22206
27955,25.898024
27956,22.485565
27957,27.693764
27972,31.479906
27973,27.831755
27974,30.773884
27975,25.89691
27976,25.252174
27977,24.063715
28006,33.021645
28007,33.836723
28008,30.211128
28009,27.921446
28010,31.75516
28011,32.32067
28025,27.302307
28026,25.576826
28027,23.916626
28028,29.323744
28029,30.710741
28030,32.06582
28048,30.1461
28049,28.09285
28050,27.399616
28051,20.085327
28052,21.28752
28053,25.733341
28063,23.931002
28064,25.613626
28065,26.837526
28066,28.839529
28086,25.91397
28087,23.778822
28088,21.723701
28099,24.916721
28100,26.161936
28101,28.057732
28107,23.418625
28108,22.029425
28109,20.851435
28110,19.889725
28115,19.274443
28116,18.341072
28124,31.843655
28125,32.87227
28126,33.76962
28139,35.95549
28140,34.957523
28141,34.006477
28142,34.766884
28153,24.063583
28154,21.670464
28155,26.702148
28156,28.503996
28157,30.6281
28174,30.959127
28175,29.008364
28176,27.644365
28177,24.431793
28178,25.930368
28179,23.110489
28191,35.043102
28192,35.857845
28193,30.255545
28194,31.841665
28195,28.466154
28196,33.714302
28208,24.361906
28209,22.044914
28210,21.68498
28211,20.294292
28212,29.458918
28213,27.213867
28215,31.929308
28231,29.864952
28234,26.491856
28235,27.988787
28236,20.579304
28237,22.247816
28238,24.404623
28250,21.06562
28251,25.841526
28252,23.659952
28254,28.468462
28271,36.398354
28272,34.416832
28273,35.09586
28274,32.205917
28275,30.390413
28285,22.995068
28286,24.465162
28287,21.687096
28288,27.456997
28289,26.169434
28290,29.330881
28307,31.350246
28308,28.429869
28309,29.827942
28310,24.17514
28311,22.8901
28312,26.725021
28313,25.34338
28329,23.824415
28330,25.158955
28331,22.681126
28332,27.997128
28333,26.704498
28334,29.939846
28343,17.559849
28344,16.430134
28345,16.843285
28346,15.620116
28347,15.301461
28387,34.888638
28388,33.285744
28389,35.744793
28391,29.304922
28392,31.138025
28393,27.650883
28394,25.481937
28404,21.500608
28405,25.703491
28406,23.571081
28408,31.57656
28409,27.71461
28410,29.390757
28423,37.14289
28424,35.54105
28425,36.912685
28427,33.459404
28428,29.418951
28429,31.558514
28438,22.022594
28441,29.155928
28442,24.747467
28443,26.779497
28461,29.673761
28462,28.263878
28463,31.661266
28465,26.540014
28466,25.025944
28467,23.70944
28477,27.534124
28493,21.19655
28501,33.636097
28502,34.748665
28503,35.930576
28524,35.576584
28525,34.38301
28526,34.762043
28527,32.84621
28555,33.872864
28556,29.918919
28557,30.593752
28558,32.02326
28559,32.52457
28571,36.389233
28572,34.837364
28573,34.75041
28574,31.70525
28575,29.723318
28576,17.674196
28578,19.115856
28587,32.739746
28588,33.460945
28589,17.053234
28590,16.04364
28591,18.9972
28592,17.823118
28596,21.599998
28599,20.50782
28600,19.826
28613,18.84702
28617,33.47094
28618,32.45088
28631,32.809536
28632,33.774498
28633,29.64442
28634,27.8715
28635,30.318907
28636,32.38757
28646,32.144684
28647,30.939066
28648,33.48086
28649,29.840216
28650,29.176231
28651,25.926756
28652,18.93654
28654,17.738619
28655,18.202425
28677,17.242966
28678,32.155724
28679,33.061977
28690,36.37172
28691,33.852825
28692,35.051647
28693,32.75948
28694,31.997982
28703,34.410137
28704,34.50036
28705,35.71902
28706,30.563274
28707,33.74243
28708,32.047432
28709,18.632862
28711,18.040827
28712,17.685823
28722,34.143967
28723,32.877575
28724,15.0450735
28725,15.998133
28726,16.92309
28727,18.06082
28732,19.543247
28733,21.701313
28734,21.839134
28744,18.409601
28746,17.11057
28747,16.34308
28752,16.590408
28756,19.486792
28757,19.850056
28759,20.858776
28771,15.327666
28772,14.376063
28773,13.86714
28777,33.50773
28778,32.489815
28779,17.770044
28780,18.887184
28781,18.273132
28786,19.661303
28787,20.300488
28788,21.288069
28803,19.340166
28804,19.072477
28805,18.95369
28810,18.819723
28814,16.69662
28815,17.579674
28816,18.317549
28834,34.829544
28835,33.471626
28836,31.506685
28837,33.227623
28843,17.007944
28844,17.837553
28847,18.96035
28848,15.88157
28864,34.513397
28865,32.47066
28866,31.318316
28867,29.160063
28868,27.799593
28884,17.788239
28885,18.30402
28886,18.761982
28888,16.937418
28889,16.854002
28890,14.0129
28891,14.866818
28901,18.978458
28902,17.208284
28903,16.036871
28904,16.605104
28906,19.714392
28907,18.514347
28908,19.659273
28929,33.789665
28930,34.88354
28931,30.23081
28932,31.85285
28935,23.78096
28936,22.532393
28937,27.76496
28938,27.201506
28939,15.426323
28940,16.018171
28941,16.976017
28947,14.578736
28948,14.154851
28949,13.915094
28970,13.572398
28971,34.230392
28972,35.34286
28973,34.521687
28974,36.574417
28975,19.132607
28987,33.318584
28988,32.275093
28989,31.926363
28998,35.85988
28999,36.14553
29000,32.357777
29001,30.538952
29002,35.760178
29003,33.99871
29004,21.90122
29007,23.081396
29010,33.516464
29011,32.433098
29015,23.064724
29018,21.897306
29019,32.13277
29020,33.390114
29021,31.269716
29022,21.615362
29023,20.775047
29025,22.802662
29031,33.022964
29032,19.630295
29033,18.698685
29034,20.26088
29035,22.091415
29040,24.778643
29042,22.46201
29043,24.313025
29044,24.714035
29045,23.767012
29047,25.946453
29052,21.339262
29053,20.197706
29054,24.072618
29055,24.337591
29056,24.538027
29057,24.708138
29058,26.39732
29059,27.357227
29060,25.41393
29061,24.845129
29062,22.948496
29063,21.703712
29064,24.261707
29065,25.215061
29066,26.40061
29075,24.284216
29076,24.205748
29077,24.242634
29078,18.583109
29079,21.18337
29080,16.665665
29081,17.767582
29082,19.87865
29083,22.659153
29084,21.184237
29085,24.230352
29086,25.032711
29087,26.027395
29094,27.781471
29095,26.784983
29096,26.02525
29097,23.980083
29098,25.019367
29099,22.756971
29100,21.264462
29101,25.271349
29102,29.855574
29103,26.289595
29104,28.139137
29105,25.802269
29106,25.798763
29107,25.924118
29110,24.882381
29111,24.00214
29114,20.941286
29115,22.408041
29116,22.759926
29117,21.774689
29118,20.48009
29121,23.921803
29122,24.694317
29124,25.833805
29125,23.449484
29126,23.286245
29127,23.11917
29128,23.3155
29129,23.40639
29130,23.346151
29131,23.159838
29132,23.466034
29141,12.351905
29158,29.335636
29159,30.760077
29160,34.08777
29162,26.132208
29185,35.465485
29186,33.285305
29187,31.684326
29188,29.384188
29189,27.48824
29190,25.296154
29221,28.484615
29222,30.762264
29223,33.2436
29224,20.425081
29225,22.628843
29226,25.304325
29237,33.3949
29239,32.849598
29240,31.24194
29241,29.242258
29242,27.327208
29243,24.98412
29244,22.677965
29245,15.3897295
29246,15.712098
29247,16.285627
29248,9.783348
29249,13.14326
29251,15.812108
29288,15.741074
29290,14.630691
29301,30.43997
29302,28.753105
29304,32.45465
29308,25.856928
29309,23.517126
29332,27.725382
29334,25.749382
29358,25.401972
29359,24.101782
29361,27.172901
29362,20.25745
29363,22.348146
29364,18.549887
29365,17.037851
29373,35.108643
29382,28.128992
29383,26.687119
29388,21.334038
29389,25.013227
29390,23.142015
29412,35.753113
29413,33.71372
29414,35.286858
29415,29.12675
29416,31.524378
29417,27.01178
29418,24.721813
29438,19.004421
29439,21.510664
29440,20.338133
29441,23.108116
29462,16.136229
29463,33.57516
29464,31.849455
29465,32.738766
29477,37.137875
29479,37.30544
29480,36.633186
29491,36.39775
29492,34.865414
29493,36.278904
29494,32.354256
29495,30.898811
29496,29.128843
29497,33.997658
29511,17.30425
29512,18.71055
29514,17.797796
29515,18.167097
29539,16.67942
29540,16.060188
29542,17.85811
29543,32.09465
29544,33.32534
29559,35.875854
29560,34.974472
29561,33.959988
29562,36.013817
29603,19.268492
29608,36.0461
29609,32.99116
29610,34.861275
29611,35.74415
29629,29.974712
29630,28.219158
29631,32.293568
29632,21.522135
29633,23.403824
29634,25.703892
29681,35.971016
29682,36.166027
29683,34.679607
29684,33.246895
29685,30.670887
29686,28.469316
29733,22.044237
29734,24.153082
29735,26.567554
29736,31.284994
29737,29.14701
29738,33.490402
29820,33.473255
29821,32.230286
29844,17.262638
29875,17.945011
29876,15.837459
29877,14.909958
29878,14.002722
29879,13.422042
29880,12.808562
29881,12.4071665
29904,25.322544
29905,28.274794
29935,32.404507
29936,29.936295
29937,28.222977
29938,20.284248
29939,22.152067
29940,24.006935
29941,25.900387
29989,32.06178
29990,32.796158
29991,33.91639
29993,29.192068
30028,32.019257
30029,33.820248
30030,32.119057
30031,29.910763
30032,27.950954
30033,25.964264
30034,23.784597
30047,29.519276
30075,14.760787
30076,13.238118
30077,13.807962
30078,11.516042
30079,12.011932
30080,12.624545
30098,17.70376
30099,16.515985
30100,15.483844
30101,14.485864
30102,19.625723
30103,18.882393
30104,23.444738
30137,29.138376
30138,24.42367
30139,26.571613
30140,19.392029
30141,21.72519
30189,35.366474
30190,34.44816
30191,35.004967
30192,32.501217
30251,28.055979
30252,29.099352
30253,32.463703
30255,34.16557
30290,34.77135
30291,33.721527
30292,34.49515
30293,32.565083
30294,30.440546
30326,23.4254
30327,26.2414
30328,27.929857
30330,30.1533
30350,28.538456
30352,27.457243
30353,24.47723
30354,20.476974
30355,20.349886
30356,19.846193
30357,19.023678
30414,18.674356
30419,33.669693
30420,33.954437
30421,34.665188
30444,34.45069
30446,33.424675
30447,33.281223
30448,27.997477
30449,30.43279
30450,23.327368
30451,25.957628
30475,32.664272
30476,31.857117
30477,33.84806
30478,29.825294
30479,31.085249
30480,30.268991
30510,15.881489
30511,16.683971
30512,15.195435
30513,22.153172
30515,17.514263
30516,18.243256
30539,20.812607
30540,19.163261
30542,23.421968
30543,17.255453
30544,15.707664
30554,27.91882
30556,27.518404
30557,28.434814
30558,25.18858
30559,26.314617
30560,24.207914
30561,22.726532
30562,20.337034
30564,22.135227
30569,32.23528
30570,33.186718
30580,34.25084
30581,33.31766
30582,30.648901
30583,32.71319
30584,30.346163
30595,34.439243
30596,35.994644
30597,35.98386
30600,24.80012
30601,23.656248
30602,22.849672
30606,19.002224
30607,17.754745
30608,21.54813
30609,20.210714
30670,32.560654
30671,35.269337
30684,32.736534
30685,31.245008
30686,29.969112
30690,27.472076
30691,29.066381
30692,24.479273
30693,26.06676
30711,38.506557
30712,35.575027
30713,33.595226
30714,37.06514
30715,36.99167
30727,15.855736
30728,17.153492
30729,13.81822
30730,14.76574
30731,18.84886
30732,18.08349
30733,23.388535
30752,24.840036
30753,22.162704
30754,20.342457
30755,18.412146
30756,16.827438
30769,33.56396
30770,34.43912
30771,35.410435
30772,31.185892
30773,32.245422
30774,27.940943
30775,25.510317
30819,22.22384
30820,20.434326
30821,19.39859
30822,18.022112
30832,22.934164
30833,20.62385
30834,25.602411
30835,27.77898
30851,32.223305
30852,29.88043
30853,28.210459
30854,23.341696
30855,25.70293
30856,21.221508
30869,33.584015
30870,33.676
30871,34.913486
30872,28.474356
30873,26.775297
30874,32.244904
30875,30.1548
30876,14.681127
30877,14.18851
30878,13.921812
30879,15.715299
30880,18.79916
30882,17.706457
30883,15.012366
30902,22.196957
30903,34.509
30904,34.92359
30905,35.534943
30917,34.079723
30918,34.87655
30919,31.378706
30920,33.066444
30921,29.861082
30933,31.88142
30934,30.245552
30935,33.104507
30937,23.730597
30938,28.104702
30939,25.95742
30950,35.03652
30951,32.49035
30952,34.025703
30953,28.529428
30954,30.333122
30955,26.891546
30956,24.77806
30992,33.224422
30993,35.672916
30994,34.35305
30995,26.98816
30996,29.702755
30997,33.42287
30998,31.557539
31027,23.307343
31030,21.626772
31031,33.348885
31032,32.357998
31033,31.528967
31062,25.963621
31063,22.842281
31065,26.572771
31066,15.194715
31067,17.139774
31068,18.38558
31089,34.20862
31090,32.908493
31091,32.089996
31092,33.525192
31102,21.850664
31103,20.40263
31104,23.248264
31105,24.79161
31106,26.637297
31107,28.438803
31109,30.618658
31124,34.87234
31125,33.628902
31135,22.377539
31136,24.711061
31139,31.072922
31142,28.94072
31143,27.357887
31166,30.257393
31168,32.53732
31169,26.366907
31170,24.401293
31171,22.666069
31191,19.718191
31192,21.742662
31193,24.035435
31194,30.769178
31196,28.629675
31197,26.77661
31219,34.861984
31220,33.571766
31221,33.31458
31222,30.999697
31242,34.03589
31243,26.860464
31244,28.748312
31245,30.628653
31246,32.75058
31276,23.210743
31277,28.33622
31278,29.968363
31280,31.961807
31301,23.737099
31303,22.525167
31304,21.38822
31305,18.879517
31306,18.192326
31307,17.590885
31324,14.436417
31327,16.083376
31354,30.571236
31356,28.405678
31357,26.928816
31358,23.94979
31359,22.601
31360,25.065739
31361,26.42785
31402,32.83578
31403,33.69914
31404,34.78236
31405,32.773678
31406,28.094568
31407,30.180103
31563,10.926191
31564,12.11907
31565,11.478424
31566,12.9986925
31572,20.787888
31786,8.134111
31787,17.3983
31788,18.742105
31789,21.446865
31790,20.167452
32116,15.433385
32117,13.709803
32118,14.368051
32119,13.18109
32120,19.147825
32272,20.218952
32273,20.921148
32274,21.619318
32276,16.381094
32277,17.27952
32278,19.628914
32279,18.470957
32512,20.730246
32513,19.580921
32514,22.127205
32516,17.280298
32517,18.359356
32593,12.251607
32594,12.021604
32596,13.246082
32597,12.525353
32598,12.780614
32604,18.498991
32715,15.72277
32716,14.752357
32717,17.161488
32719,13.948959
32720,18.25945
32788,13.269036
32790,15.841152
32791,14.085233
32792,14.900172
32872,17.345825
32873,16.680098
32874,15.638872
32875,14.600753
32876,14.098942
32877,12.627357
32878,13.127374
33013,18.022476
33014,19.171387
33015,15.558239
33016,14.752731
33017,16.34792
33018,16.929068
33074,17.821657
33075,16.590807
33077,19.495562
33078,15.253925
33079,14.441975
33080,12.915766
33081,13.687808
33159,10.873722
33160,11.94047
33162,11.103626
33163,11.465323
33169,19.865955
33274,12.534041
33275,13.558238
33276,13.009285
33280,15.093929
33281,14.339086
33283,16.2614
33408,17.021368
33954,16.800676
33955,16.134111
33957,15.4532995
34195,19.01866
34196,17.027689
34197,17.330364
34198,15.688994
34199,14.772078
34200,12.940083
34201,13.599065
34229,18.503008
34230,19.865631
34282,14.882807
34284,13.655926
34285,12.858561
34330,11.419887
34331,11.769702
34333,12.252774
34334,19.248829
34393,11.649787
34395,11.135748
34396,10.825402
34397,10.530256
34450,16.654612
34451,14.846702
34452,13.065868
34453,13.734686
34454,17.465235
34455,18.405321
34457,19.647585
34510,12.936275
34511,12.158691
34512,11.799359
34517,11.0812235
34518,11.372411
34545,17.17125
34546,18.06016
34547,19.248783
34548,16.35102
34549,15.606577
34550,14.82011
34551,14.13034
34648,16.55883
34650,15.124707
34651,14.06704
34652,13.268812
34653,19.267874
34690,12.156032
34691,12.836332
34692,14.243182
34693,19.299591
34694,17.569824
34696,19.284958
34742,11.480739
34744,21.516346
34745,20.940184
34761,12.651562
34762,12.253228
34763,11.90491
34764,11.566226
34766,17.612597
34767,16.506163
34768,15.347421
34786,14.149738
34792,19.434555
34793,18.502956
34794,19.734417
34795,20.775743
34811,10.9937105
34812,11.02064
34818,11.098651
34819,10.990921
34836,15.6907625
34837,16.870605
34841,14.535596
34842,13.288599
34843,12.390041
34877,11.66447
34878,11.494853
34880,11.38249
34895,12.399183
34896,11.700922
34897,11.990601
34898,11.321836
34899,11.471195
34901,12.77479
34902,13.268396
34926,19.62099
34927,18.354183
34929,13.863841
34930,12.963533
34931,16.506895
34932,14.951865
34933,17.355892
34947,11.67051
34948,12.305717
34954,19.377602
34955,20.421629
35017,17.595556
35018,20.907804
35019,18.85568
35020,19.814089
35034,12.583075
35035,12.294733
35036,12.978279
35038,14.000173
35039,13.461229
35062,20.42613
35063,19.314713
35064,16.928686
35065,18.075834
35066,15.561796
35067,14.60768
35096,10.521202
35097,10.505225
35098,13.314916
35099,13.950618
35100,14.819899
35101,11.50253
35102,12.026136
35129,19.896646
35130,18.71858
35131,20.200645
35132,17.542612
35133,16.566544
35148,12.513141
35154,17.831367
35155,19.445929
35156,22.579212
35157,20.766508
35158,21.318851
35176,13.023212
35177,12.388127
35179,20.765957
35180,21.276896
35181,19.32335
35191,10.416454
35192,10.770623
35193,11.332874
35194,11.827591
35195,12.568759
35197,13.580529
35198,14.912676
35215,19.55015
35216,18.153082
35218,17.11746
35219,16.037598
35220,14.930452
35221,13.605295
35222,12.575394
35242,20.528778
35273,11.436244
35274,11.588645
35275,11.238922
35276,11.307784
35277,11.348688
35278,9.111439
35279,12.053683
35280,11.449825
35281,12.970158
35282,12.407174
35292,17.281391
35306,14.009159
35307,12.940991
35308,15.243453
35312,16.272362
35313,17.440985
35345,17.82969
35346,15.545477
35347,16.530386
35348,13.589549
35349,14.632714
35359,18.881931
35360,17.661585
35361,14.966461
35362,13.811798
35363,15.839825
35364,14.91501
35365,16.71792
35376,16.167698
35377,17.385822
35379,15.203955
35380,13.416249
35381,14.437784
35382,11.53427
35383,12.398182
35401,17.360403
35402,16.101067
35403,12.711446
35404,13.495131
35405,14.961912
35406,14.1671295
35407,12.258919
35421,17.063932
35434,19.078222
35435,17.972883
35436,17.067295
35437,16.962357
35438,15.939276
35440,12.491429
35451,18.216135
35452,18.151365
35453,19.245132
35469,16.966963
35470,15.747505
35471,13.297205
35472,12.491461
35473,14.01389
35474,14.864917
35475,12.061238
35485,17.963682
35486,19.503895
35488,13.095709
35489,16.87415
35490,15.926248
35491,14.107039
35492,15.161345
35498,12.139809
35504,20.286776
35505,18.678902
35506,19.536081
35507,17.52472
35508,14.477148
35509,15.78233
35510,12.091828
35511,13.3406315
35514,17.863756
35515,16.865606
35529,14.351938
35530,15.429751
35531,12.315854
35532,11.860975
35533,13.682322
35534,12.892606
35535,11.632728
35545,19.673433
35546,18.250189
35548,16.098923
35549,17.147905
35550,13.8711815
35551,15.1513815
35552,9.072603
35553,8.998049
35555,9.21517
35556,9.346577
35573,10.851182
35574,10.333016
35576,16.455622
35577,15.322813
35579,11.207881
35580,12.016424
35589,18.218386
35590,18.059175
35591,19.235819
35597,12.382939
35601,16.054768
35602,17.05853
35604,10.782412
35612,19.401438
35613,18.39579
35614,11.034729
35615,11.464627
35621,12.515462
35622,11.84643
35627,17.347754
35629,11.141453
35636,18.834486
35637,17.83534
35638,17.921528
35639,11.496698
35645,12.810767
35646,12.031364
35648,17.919765
35649,16.76017
35650,14.893285
35651,16.407206
35652,15.912697
35653,16.642838
35654,17.030611
35655,12.449608
35664,18.773722
35665,19.300718
35666,17.814404
35667,10.929369
35668,11.49155
35669,11.791499
35670,12.157318
35677,12.572399
35681,14.384869
35682,14.946579
35689,13.639463
35690,19.03149
35691,19.452023
35692,12.869429
35693,13.924002
35694,13.464127
35701,15.19557
35702,14.673099
35703,17.668205
35707,17.002815
35708,12.83994
35709,12.419348
35710,11.971968
35711,12.390901
35712,12.13442
35718,13.67067
35719,14.5342045
35734,11.549603
35735,11.025368
35736,10.278241
35738,19.14176
35739,20.836025
35740,17.839954
35741,12.688631
35749,18.788036
35750,18.62958
35751,18.90131
35752,20.185843
35761,13.334379
35762,12.845605
35767,19.526258
35768,19.05202
35769,18.05281
35770,10.728553
35771,12.454061
35772,11.402076
35773,13.54957
35774,14.831757
35777,17.084965
35780,12.86841
35787,17.379078
35788,15.16429
35789,16.439644
35790,14.440669
36321,17.378452
36322,16.097147
36323,15.257134
36324,14.434296
36325,13.73485
36618,8.067556
36619,8.585139
36620,8.365157
36627,18.85444
36715,18.376518
36716,20.251848
36717,16.822432
36718,15.052202
36719,12.452679
36720,13.662778
36855,21.15531
36856,20.19721
36857,17.887373
36858,17.268532
36859,18.639128
36860,19.53083
36861,16.630327
37023,18.174677
37024,19.823568
37026,13.054342
37027,18.490519
37028,15.663153
37029,13.923158
37030,14.668912
37350,16.06927
37351,17.345417
37352,16.913424
37353,16.467314
37354,15.222094
37355,16.995256
37356,16.406343
37357,16.354126
37358,15.565326
37359,15.386978
37360,16.37783
37361,16.113297
37362,14.687981
37363,16.632986
37364,16.46705
37365,15.833081
37366,16.230858
37367,14.767302
37368,13.631501
37369,13.6742
37370,14.886783
37371,17.09431
37372,15.915266
37373,12.826803
37374,16.475697
37375,16.793062
37376,16.619282
37377,16.548304
37378,16.243107
37380,12.762901
37381,16.38965
37382,16.079494
37383,15.324322
37384,14.010534
37385,14.762954
37386,16.046316
37387,16.52076
37388,17.087914
37389,15.078434
37390,16.784689
37391,16.730133
37392,13.491596
37393,16.190495
37394,16.449335
37395,15.969369
37396,15.67253
37397,16.036682
37398,16.318727
37399,16.87656
37400,16.54175
37401,14.936372
37402,15.151582
37403,16.897158
37404,17.82365
37405,17.154835
37406,16.154284
37407,16.742556
37408,18.147268
37409,16.971039
37410,18.373194
37411,14.71673
37412,16.946856
37413,15.827636
37414,17.691223
37415,17.848404
37416,16.688023
37417,16.56517
37418,16.878088
37419,16.191517
37420,17.395382
37421,16.488934
37422,13.200256
37423,15.395695
37424,14.187694
37425,16.356182
37426,16.408016
37427,16.60558
37428,18.202065
37429,16.994696
37430,18.442717
37431,16.89683
37432,16.623129
37433,17.432573
37434,16.225471
37435,16.92028
37436,18.209686
37437,17.36766
37438,16.912855
37439,17.466436
37440,16.030226
37441,16.84718
37442,17.198711
37443,18.088305
37444,16.787634
37445,17.896322
37446,16.605234
37447,17.515886
37448,17.494186
37449,16.57747
37450,16.91635
37451,16.602165
37452,17.544607
37453,16.404984
37454,15.277918
37455,15.674084
37456,16.789082
37457,16.434286
37458,16.708494
37459,18.23274
37460,18.53658
37461,17.526964
37462,16.638912
37463,16.438467
37464,16.76905
37465,16.536278
37466,16.92407
37467,16.208931
37468,16.204819
37469,18.134693
37470,17.289104
37471,16.818085
37472,16.853724
37473,17.317083
37474,16.571373
37475,16.221788
37476,18.195929
37477,16.922882
37478,16.780724
37479,17.886587
37480,17.88369
37481,16.74975
37482,16.817747
37483,16.72721
37484,16.500267
37485,16.775677
